{
  "entryAssembly": "GridTest7",
  "resources": {
    "hash": "sha256-7W1535kg1VVigJeAL2ZObhOEE6FfpxZi71x0ryB+ICo=",
    "runtime": {
      "dotnet.7.0.14.ugv708mi7l.js": "sha256-YWGUknGRzP/fgO6YjvCJKPVQNZAPEd6ll+rHfQEIW+I=",
      "dotnet.timezones.blat": "sha256-t5xviiOQTfAsF0UDhmcyalKiaehUmf/sqJl97tmPM0M=",
      "dotnet.wasm": "sha256-Oyo/i3KkRvFfEKDQqn9DjK1HWx19Z6eCVCNsUFQPSJU=",
      "icudt_CJK.dat": "sha256-SZLtQnRc0JkwqHab0VUVP7T3uBPSeYzxzDnpxPpUnHk=",
      "icudt_EFIGS.dat": "sha256-8fItetYY8kQ0ww6oxwTLiT3oXlBwHKumbeP2pRF4yTc=",
      "icudt_no_CJK.dat": "sha256-L7sV7NEYP37/Qr2FPCePo5cJqRgTXRwGHuwF5Q+0Nfs="
    },
    "assembly": {
      "DevExpress.Blazor.Reporting.v23.2.JSBasedControls.Common.dll": "sha256-crEGKSYedWvW3sr91AB3woaQ3d8hPjeTt7CdJijp8DA=",
      "DevExpress.Blazor.Reporting.v23.2.JSBasedControls.dll": "sha256-EVkoDrb8YxDizUR/PX3yXPSGyHCAsYupcVpS7ZgPvJk=",
      "DevExpress.Blazor.Reporting.v23.2.Viewer.dll": "sha256-Gz7MegX6N2BrN6zgd+K2EyakpjFjxfVpCPxVdrg4gvg=",
      "DevExpress.Blazor.v23.2.dll": "sha256-xiYZYadavaJAlNb54U9SYb/Iqc66a28RGhwPX82wnU4=",
      "DevExpress.Charts.v23.2.Core.dll": "sha256-InldgqaM/3l41JlAwrJDJ/1Y7s3QQoda3fASF4z/7EI=",
      "DevExpress.CodeParser.v23.2.dll": "sha256-Vv+mjneyAOgRXT7NW3dIfzmtFtNGo0sD2g3GF2TndMA=",
      "DevExpress.Data.v23.2.dll": "sha256-QJQFMyb4c/XGLB18817LlhUHLJvQyd9ROHuOGzQq/wQ=",
      "DevExpress.DataAccess.v23.2.dll": "sha256-IxMg7x3SIicKE+NEJzSER7UXIyZnbCz8FukoDDzqFR4=",
      "DevExpress.DataVisualization.v23.2.Core.dll": "sha256-8+57vOSbQgv+C0KbbkvyXOWTjF7fa28mMqeVX7cYnDw=",
      "DevExpress.Drawing.v23.2.dll": "sha256-BncISfuKirYVIzv1U5NIkO/2e1M5BB/ZUelSxYpFGx0=",
      "DevExpress.Office.v23.2.Core.dll": "sha256-LbfPo7KEu5gJTVq2+XhGLzkKsppqS0zlf6i8uyn2Xd0=",
      "DevExpress.Pdf.v23.2.Core.dll": "sha256-w2kIJs9/d9sN+8PV16U7eXmQ6tF17nXR4hgXNVri6JM=",
      "DevExpress.Pdf.v23.2.Drawing.dll": "sha256-0sh5TP4UnII8YlSOSfevfFsHeHiWkRZysnohlu3/VdI=",
      "DevExpress.PivotGrid.v23.2.Core.dll": "sha256-Egxfoy9jXe5JSUnzwtXfZ/90nve9BxeCvbttpfNv1lU=",
      "DevExpress.Printing.v23.2.Core.dll": "sha256-q4pIcjGsJKJZQ4mqj3028N6sguhzj0+esOnlyXt4krw=",
      "DevExpress.RichEdit.v23.2.Core.dll": "sha256-8q7Kap6tTUsmT9FwM2I7Dhouqxd73sPgK/W9WCMlkcM=",
      "DevExpress.RichEdit.v23.2.Export.dll": "sha256-tZ6YMm1zkEWp4gKp93NOYizN3SjUfU50wm58/TwAWv8=",
      "DevExpress.Sparkline.v23.2.Core.dll": "sha256-n/zKQrM24kEEyR0DRJe4XU0Hztv2EAD+Hs0nZoUXRNk=",
      "DevExpress.Web.Reporting.v23.2.Common.Services.dll": "sha256-0rB1CfdRYpJvrUgB4wvKM7OzF8v/L/nAZJRaHYx5ASA=",
      "DevExpress.Xpo.v23.2.dll": "sha256-7pmk2SRFM0U0IlJp7Lti5D7EWVNQ1brJvTruyN2q2cc=",
      "DevExpress.XtraCharts.v23.2.dll": "sha256-UnHG/HpqUj7hPDly6wug4I7IgGogXdJiAT0o6KrA8Io=",
      "DevExpress.XtraGauges.v23.2.Core.dll": "sha256-AeglXW9RzEs/Gu9IZILL7vXcv4qtMtAVaPvl/xFyFKg=",
      "DevExpress.XtraReports.v23.2.dll": "sha256-0ZisNjisZsmNeTjMpo7vI1bETDDbETIuXAAYCDdAtqM=",
      "DevExpress.XtraReports.v23.2.Web.dll": "sha256-/Bk0BFPcNnZlsm9TUuTTDuQ4Dy2AmP8k4JNk4Fbu8l0=",
      "DevExtreme.AspNet.Data.dll": "sha256-ppC41NBanUfYHIQJSAccmLTJKfKxah6LVpYzyjvwscY=",
      "GridTest7.dll": "sha256-ZZra1U90MhbWxjFiHMFJVfhZtkXzO0qvgVFDdC3y0Fk=",
      "Microsoft.AspNetCore.Components.dll": "sha256-SB2CMLSYmeebevmBnQpbyOfAXSaxyUdH9vfGGIqsf+c=",
      "Microsoft.AspNetCore.Components.Forms.dll": "sha256-nxLcvJvpaza11vNTaNktIRowhu7oJmFN/eOGsOJ2ZhE=",
      "Microsoft.AspNetCore.Components.Web.dll": "sha256-IwTPbYYi949U1LXvkuT6DrPPdNo/QIbrsWZA7WwQ3fk=",
      "Microsoft.AspNetCore.Components.WebAssembly.dll": "sha256-2lKOTCHeNWA8668I+l9F5VfPwuqvk/Va4a/Oz5c/WDo=",
      "Microsoft.AspNetCore.Http.Abstractions.dll": "sha256-qFKmKNr9iAZiZxOVvLJBfMhkKfDy1GvY81fHh1hiphU=",
      "Microsoft.AspNetCore.Http.Features.dll": "sha256-J2xQUZ4BD6tsrQkvGS5HDQfkTGMzmaS76TA9nJrtCpg=",
      "Microsoft.Bcl.AsyncInterfaces.dll": "sha256-APJhF7Cne1YtXAEDjYtS+NC54Yt8Uy4W364YV6GfInE=",
      "Microsoft.CSharp.dll": "sha256-nB1ut2KdR7try1rSyyH+paR9THdrg0Je+IgF0CIKTCM=",
      "Microsoft.Extensions.Configuration.Abstractions.dll": "sha256-X/f4fDl2cuIRXeWHhK/f2UqQbFioD+RU4a4CEh0zrrQ=",
      "Microsoft.Extensions.Configuration.dll": "sha256-DBOKSPriP2JDxVbbWrLXyD3K4/x3RBifNBWk/q1I39M=",
      "Microsoft.Extensions.Configuration.Json.dll": "sha256-Q5AqJneA2TZnzC0IYzBx6j/tHRhWAeMbpH3BsV7KgWg=",
      "Microsoft.Extensions.DependencyInjection.Abstractions.dll": "sha256-CsiBVFfJ9Zb0QXnYVfrnlSCsJICqULa/9YZl0fbBGE0=",
      "Microsoft.Extensions.DependencyInjection.dll": "sha256-hna/lYXwR4D4kZtzAiswCxc3om+cgHmLL/y3CDru71Q=",
      "Microsoft.Extensions.Logging.Abstractions.dll": "sha256-uZ0GqG7qRc+S7L7qnKHPBqe/VRf6iC6e3qBuKzD6meA=",
      "Microsoft.Extensions.Logging.dll": "sha256-RJE660TEC1wm3MyL1EXQfTQB1qK+JWy1efVUxI8nNUo=",
      "Microsoft.Extensions.ObjectPool.dll": "sha256-zlsKSF3MTGOiQnV0mSINMZt/9lVpP6uLh/bTKIddnEE=",
      "Microsoft.Extensions.Options.dll": "sha256-Ml/ZHxiCliCWR4BJS5zOwcC+uDi8774Y0pwhogk8suQ=",
      "Microsoft.Extensions.Primitives.dll": "sha256-2kdkVdCm3cnKOWLwNgdz3FwexSypLH06WYy2uF7qy7s=",
      "Microsoft.JSInterop.dll": "sha256-n+1rsTay0ArGjiMWgMGkbFOkUQX/lTHzT+5BfMpcvi8=",
      "Microsoft.JSInterop.WebAssembly.dll": "sha256-6yDYSBiy48fNaYJlqK10GSN72A6Vsu3i/6v3Lq7kL2E=",
      "Microsoft.Win32.Primitives.dll": "sha256-zsqKMih6/tzqlWs0xOIsM+qzvOnFIkbjuafUgnkMV14=",
      "Microsoft.Win32.Registry.dll": "sha256-CMV9ZXmbLDawzO+nya32YLwZVAQE+NguUYTR4HLFk58=",
      "netstandard.dll": "sha256-SaUBtEGcYW+170ALzzNiwm3ZlDGlggEoONuPVne854g=",
      "Newtonsoft.Json.dll": "sha256-SBbEJ29XXk2FuAYzoN8urfKUlv4AvcM814Q+YTc73g4=",
      "System.CodeDom.dll": "sha256-v7dQdKwmx2Mrvp/8EGPOyppWquhqxJE0gda7qIxMSjQ=",
      "System.Collections.Concurrent.dll": "sha256-2nGO3zjT8RiKjBWFohgWAJvBtmxVGsOCeqtaVwcKBwU=",
      "System.Collections.dll": "sha256-NNeWko4QNVhg9dPo2iLv6avlatBPa+dzBQs15rmP/A0=",
      "System.Collections.Immutable.dll": "sha256-kgZ2gaYZZ7YhzXDkTPN2jDS2r8pw/vfjqlhaw6FNVlc=",
      "System.Collections.NonGeneric.dll": "sha256-Xs8lVMrkRtWmX+gMx/JoCguaBW7gSNbpJ0tvr5lm9Qs=",
      "System.Collections.Specialized.dll": "sha256-gNayQmCZ0jV9rFmSuYuvbPHalFNKkJuMr+lojZoSDI4=",
      "System.ComponentModel.Annotations.dll": "sha256-/1oMNjyRg0uDKUFWg0sU9qyv0YV+0kk/z9sgORPWDKw=",
      "System.ComponentModel.dll": "sha256-Fb05+6jhvgf9InboMHfm5+eGMf7VDm8DFf37m4exjzI=",
      "System.ComponentModel.EventBasedAsync.dll": "sha256-+emBLONUBKpRgpnX0GFfbFztOq8Xyz5qAOAvgk8enrA=",
      "System.ComponentModel.Primitives.dll": "sha256-2KHkVj+MRpWIDoxxrcvQUQ1+Xi6PLVR3bvwYmV6EnjA=",
      "System.ComponentModel.TypeConverter.dll": "sha256-ZfoxOkp284hszMpkIT75YEEd6K7SHIDXtVvWD1ufmBE=",
      "System.Configuration.ConfigurationManager.dll": "sha256-b+25jCfIHtmhp1vWJgVUAJuORM200aNwtzk9qpVTwYA=",
      "System.Console.dll": "sha256-LXw5kwrbwvEG/QKzHgPETHi8wpAgBDebCXfXT5Pun7M=",
      "System.Data.Common.dll": "sha256-Y6YUl0eZ9gX1aeGeUYTYIG7KMpMDeQCzKUPU68pagfU=",
      "System.Data.SqlClient.dll": "sha256-N9QEun1JrCD4FtOJ/07ozAAQOd133uOsi2tS+ohSzaM=",
      "System.Diagnostics.EventLog.dll": "sha256-KNmnAYlqWrd+RIE3xKYo3FPGKKKzPIl7/XgcSr6fsMg=",
      "System.Diagnostics.Process.dll": "sha256-KlEI7U16CRiKJetG87ycjDAWJb8HhuavlA4LYMysdLE=",
      "System.Diagnostics.StackTrace.dll": "sha256-/QGxORYHdUzl3ZPpXXLmAihqlMVuXBsoWpm5kLqW4TY=",
      "System.Diagnostics.TextWriterTraceListener.dll": "sha256-NEIsWaeu7kKSa6khRArZ3ErG7Md1PzX2FGyImKpph1w=",
      "System.Diagnostics.TraceSource.dll": "sha256-Is0k4ewvfaQoq1UvjPzbApocgOiJ9tc5PKIZau5XsiQ=",
      "System.Diagnostics.Tracing.dll": "sha256-9Pd4ftco9geAuvqGEI/fOXWAmN/KmPlEHwMyiiSB5/M=",
      "System.dll": "sha256-6ikjWsGy0Vvl2DPgoSvgFFGjtng+mEdqfQ735EeaORs=",
      "System.Drawing.Common.dll": "sha256-Juxm8lN1m3AsZcAyCoPHTlIuc0j5x8NTwLWL7cN/ZaA=",
      "System.Drawing.dll": "sha256-FHuMi21CByLc05566C3pGhyZjd5/KxD1yA4SU3vuZUQ=",
      "System.Drawing.Primitives.dll": "sha256-HtCVxsDr1RoqjLbQM80t5xKVnd+mI3Yq6ZBHh477GMM=",
      "System.Formats.Asn1.dll": "sha256-32xzpyBcTMQS+iygYG8XLjCYpOStoXa7f+alDemaPe4=",
      "System.IO.Compression.dll": "sha256-5JS8zOZbnl30Um2Up6fjLrkFfpXMaBaYlubP9yYURb4=",
      "System.IO.MemoryMappedFiles.dll": "sha256-AbMPUmgWUMMz/KshsDCYGIZYuiRVsUXp2sV/eaWw6eE=",
      "System.IO.Pipes.dll": "sha256-5yLBrAgiY4QrNQNRDE42Xxhdl9m9OF/iE4KshhFBYSU=",
      "System.Linq.dll": "sha256-vrErrC4IW0/iG7bTkzuwx6l2v1uDVQoTJsrSokTUN+k=",
      "System.Linq.Expressions.dll": "sha256-6AsXSJo+m1ZxGP0O9/E447FIfxazDNCplqOTF4CbdtM=",
      "System.Linq.Parallel.dll": "sha256-JH6VtcYIEqV7akIYe9UzqPpGsmGDHODdHw9SLRN0Du4=",
      "System.Linq.Queryable.dll": "sha256-0V4DZ9XD6zW17MNmVsZQXEraBFNH9qbr2QuUX/aQYNc=",
      "System.Memory.dll": "sha256-Kx9yJAl5CNYgG9hbPU366+eKl0c/p5sGsx7Z4I8GVOU=",
      "System.Net.Http.dll": "sha256-beyyjpUlPgrB8+NxcyKydWiuNH2htGWUV5UFQjb/gKg=",
      "System.Net.Http.Json.dll": "sha256-eQd6G0uwKIB/KzOrUNs1XXAH8iuNg/XVj+SPg73hgvU=",
      "System.Net.Mail.dll": "sha256-Ucd66V1AiFhAuivVZsQvGbRjNqBbFcsYCpdauLiUiFg=",
      "System.Net.NameResolution.dll": "sha256-RYbrE+6uJFUQWYcVEy5K7ZERV3sDzcyoqbO4k+X07zg=",
      "System.Net.Primitives.dll": "sha256-jcIQ7aY7GLiILk6Bz5gZ64BZAjPTsnguR6Hh2LvjtoA=",
      "System.Net.Requests.dll": "sha256-uP5GmKYCxzfqqj7rsq5WPnp04Oi8R8MkJmzdaeLDrSU=",
      "System.Net.Security.dll": "sha256-c4LA6FOyJcbGKdUuLzLugT+5NsafqUtgJR/izLDgDfU=",
      "System.Net.ServicePoint.dll": "sha256-fiF+9HhnpkO+37Vx7FposnTvZAK2z/5gkbXd4UStxsw=",
      "System.Net.Sockets.dll": "sha256-RRv/MENEkR2KaJ9eZ+vY9Bc4acG10g4/JnZZT2kfSi4=",
      "System.Net.WebClient.dll": "sha256-+YNx3N7DDVG4JfBzzC1O3CrqqDSeE19kzKyELEHHkkA=",
      "System.Net.WebHeaderCollection.dll": "sha256-abd5IR9kLhvNR7bpHkdFJZvgIJreOET0ROj5hXXwhcg=",
      "System.Net.WebProxy.dll": "sha256-PFsELQOdfJ8LIIMcLDcH0y6aQDUrVVgxZfGvB0mjs9g=",
      "System.Net.WebSockets.Client.dll": "sha256-M1idxOOIwcUqNUSHcnxhn7ejBAAcvr23rg6+rD9GgK8=",
      "System.Net.WebSockets.dll": "sha256-p3G9PX6nvtZ4Bb37jLiZ9FSWS6tfq/OwYBbUTwP+hI0=",
      "System.Numerics.Vectors.dll": "sha256-GFg0PrMGrbNMXUJ3SvMq3KtOIQ9mwZnACLn+efZ1im4=",
      "System.ObjectModel.dll": "sha256-WEQwz9LL5izbzjuGiAZ8eIDQ+kbwa4jHD4GcOKzR87w=",
      "System.Private.CoreLib.dll": "sha256-+qU2hGrFAPYWcnTK/MUeSPZu0l11tGFgvqiqfF6XP2M=",
      "System.Private.DataContractSerialization.dll": "sha256-YlXl7R9jqRWMrXtqN42QJp0Nrje91IS6rkexPAzQMmY=",
      "System.Private.ServiceModel.dll": "sha256-s/kwfa6mg2qn+/QyXrr0K/gLsbXR017RT8dupbqPbBg=",
      "System.Private.Uri.dll": "sha256-+q2Rmf41pDyEv9gFGMPx+hisO0ewp2aOlaIE3oULQSw=",
      "System.Private.Xml.dll": "sha256-NoZLG0QR9bK/K1LsyMh+V05cerEGSJWTg7csxWL9VA4=",
      "System.Private.Xml.Linq.dll": "sha256-AuICi7rwiU5N7d7vC4kFqgH6dtLvjPUe0zFJv89kSc8=",
      "System.Reactive.dll": "sha256-K2wx37H8YBmkKgB+0OXgBXTebqDEf+0MooK/O7J3Gww=",
      "System.Reflection.DispatchProxy.dll": "sha256-27hbEpDl/9tuh0rQpTdpHWz/8syBVKrb2lmn3amKqSI=",
      "System.Reflection.Emit.dll": "sha256-TvYOxKmIXAY6i6nc4fvOuqvCU7fHlqoA6c3bNTZKRJE=",
      "System.Reflection.Emit.ILGeneration.dll": "sha256-b8TQ4h3LiPBryhOFi10cUB43ifL/uNYMbnvlP0i+jjg=",
      "System.Reflection.Emit.Lightweight.dll": "sha256-6ylTq4k+EBl0MkEUmXReCJpeDIwvrlrnki4Lp833TDw=",
      "System.Reflection.Primitives.dll": "sha256-tliHbKkRiOmZBcNApHdA/QNqoY8rZ1I4N6JcjEvcMog=",
      "System.Resources.ResourceManager.dll": "sha256-xzh+YVvjWejSVSGikKD/OrZH8yRBSotRCwMfi5dxUmM=",
      "System.Resources.Writer.dll": "sha256-W6qMCz6QspM3oo+XROIqZF09KH6M7TbWw+m+KlqZtx0=",
      "System.Runtime.dll": "sha256-SYJQTSDlASSLcdtBVhOM6hcCDnj9fNi2cSFQ9TaHhGA=",
      "System.Runtime.Extensions.dll": "sha256-viiW66VfTd1rSIVeNJ17Loimj7/M7Ean4+LibpQOSkg=",
      "System.Runtime.InteropServices.dll": "sha256-9XQNammyx+3QLdQXOetUGzz13SdU13Hvkh/pQVPBBbI=",
      "System.Runtime.InteropServices.JavaScript.dll": "sha256-bVtXNcqspk4w+d4AWzBT8LT+t+mxH26ZsgsxL2p28ME=",
      "System.Runtime.InteropServices.RuntimeInformation.dll": "sha256-yJLGlSXHSgoZoobhSHONRcj1kwnTDbvzMF4UQ3ZVYFs=",
      "System.Runtime.Numerics.dll": "sha256-24e9MTsFFWFacXsSUm+IgcQR6kZgyO02mtsyunFH3dw=",
      "System.Runtime.Serialization.Formatters.dll": "sha256-k8EVBXdGQqW65IjhZr3i4Oh84uLpAUXVdhAF0oER9oY=",
      "System.Runtime.Serialization.Json.dll": "sha256-JP0h1NiEBIGx4730kQpXEv/tVTOVvttdCbJmLhytx7E=",
      "System.Runtime.Serialization.Primitives.dll": "sha256-z90UWjHvgAVjUu7esdRopuZ1zam/FVgt3EH4DyitebM=",
      "System.Runtime.Serialization.Xml.dll": "sha256-ophJKxWIg9ClUjaUJ3Y8KgzF0lKek2NPjRXPtyBX9HM=",
      "System.Security.AccessControl.dll": "sha256-p1vd6TniCgbqOtApF4AT5GJgbsvCo7MI5urgaF7b4vc=",
      "System.Security.Claims.dll": "sha256-dvIaYNO2Uz/biTNH9AvAwpYcakpMUdY9fxhtO8dTAEA=",
      "System.Security.Cryptography.Algorithms.dll": "sha256-5OCDox668/a2SqDq+3TcCKFrzY23Qpi4GGdAUw+S44c=",
      "System.Security.Cryptography.Csp.dll": "sha256-xHMIk4nkkFdN3bVtJyem2zzFemrtELxVkC/b3inCz9I=",
      "System.Security.Cryptography.dll": "sha256-WwRawe5ZVJgiCV3V67EHilkap79WSmPeqHsNVvBiZww=",
      "System.Security.Cryptography.Encoding.dll": "sha256-iAkgH1DP6LpwGje/wWgZp5w91zqTSQzmUxlAJXR3emo=",
      "System.Security.Cryptography.Pkcs.dll": "sha256-SblJ03i2a6isqy+Havd7gGx7pVUaB5jsKgj7tPJWWVQ=",
      "System.Security.Cryptography.Primitives.dll": "sha256-5BNxXWPswIuiFH61UxRG4cBpiFfM55uGUzvgHU6/G6Q=",
      "System.Security.Cryptography.ProtectedData.dll": "sha256-YRBI0PMCJK/kq5HDYeKQ9mIx22YIgiALBJvBFUlktVg=",
      "System.Security.Cryptography.X509Certificates.dll": "sha256-jtkTg/qsL8iIGeaWUTvez5R+v53iSn8nJzvUdkIXqm0=",
      "System.Security.Cryptography.Xml.dll": "sha256-74OGWWaLBcLOz/qfWTM960cHOJg8rkegYyeEHjIvUjM=",
      "System.Security.Principal.Windows.dll": "sha256-S7PpaEIkJZS6ywEdUyVWnnimAvRhuOk3yvc3gu3+WP8=",
      "System.ServiceModel.dll": "sha256-n5ndvu5dt48pewMteQia2/j0vzid6sj83+2vhQfiYP8=",
      "System.ServiceModel.Http.dll": "sha256-V3V60N5/jvlUaV5xurMSdOZd/TmKIA46bOrdD03Sf1k=",
      "System.ServiceModel.NetTcp.dll": "sha256-I4wiqLJf9dKEsylILZK4l01PPnBNge5mwtVLnHBv4xk=",
      "System.ServiceModel.Primitives.dll": "sha256-cEWeMlsDGCMtKGoU6s8768O/O3e7S6WuIB26NFCjNFg=",
      "System.ServiceModel.Security.dll": "sha256-zK38YbWZGwx9mzn4KWgWlhElYFZ1cLeMeaHy6HOtSKk=",
      "System.Text.Encoding.CodePages.dll": "sha256-MG1Y9jIPXg1nhsZPKo+wUTy7ZNxaeGgnV1REhj7sxRc=",
      "System.Text.Encoding.Extensions.dll": "sha256-3a/4MTM6wzbc7LxnR2hKPqYJogg/+5iQx/DjgeOT59E=",
      "System.Text.Encodings.Web.dll": "sha256-e5dkmJ8qb/izcjf7G3YxxJzs7I5rhUGoiqaLdM7oRK0=",
      "System.Text.Json.dll": "sha256-qxVfKwmURbacKzS1VfVzu1BLvaw1RyRtBfX33eWYNMg=",
      "System.Text.RegularExpressions.dll": "sha256-YoUIFlds5TSCvc+aLmlQI8lSOznIyVEEnr/+nixndzg=",
      "System.Threading.AccessControl.dll": "sha256-HsQNkSf6qm6/eTdrsn2jviQBdwEAJZE7oYUeF38XhGE=",
      "System.Threading.dll": "sha256-xb419Q+UlsMntcJitqDKTGJg1JKrbok0WGXJzN2Me1A=",
      "System.Threading.Tasks.Extensions.dll": "sha256-aeiSSsc6Pu3KqE9S0a1LPLcNWi6erkN1d43fvdW4mWo=",
      "System.Threading.Tasks.Parallel.dll": "sha256-2jMhEadGfwzSI/B0DijvVSqc6pRc7RHW9jzWdC7Dtm8=",
      "System.Threading.Thread.dll": "sha256-uZPjXsokneU79ViBhAaOf5ppfM7EJlIy2Ngt/wIShHQ=",
      "System.Threading.ThreadPool.dll": "sha256-TXyvOCn+n1lpc1KBTh+lBQTI//GxUlIaZaHkfNdZ27Q=",
      "System.Transactions.Local.dll": "sha256-ZWA+4RFGTdE78ZHSsR1n2DWXmBWxcl2Co4uvcIU4Yjc=",
      "System.Web.HttpUtility.dll": "sha256-zhGIJGLE1CgciPYqD8SXzlWwkoKPQz3OAih9ola2IyY=",
      "System.Xml.Linq.dll": "sha256-LDv1EpoRwMtyR4d7+8MXK9vr3d/k6VlOMvurOGREl9k=",
      "System.Xml.ReaderWriter.dll": "sha256-Yp9/RjUZhH9mqNn7nyBl2UaF/NtaSumXFDLJuLtrYvI=",
      "System.Xml.XDocument.dll": "sha256-3l3cLfu1mpSRy9dXgKqCV/RuXV/aBpHF2UBEdiBRxyg=",
      "System.Xml.XmlSerializer.dll": "sha256-7KfY32BwHCE41/DzpGdHXWppaHHOVFjrb4JU/KwA9Aw=",
      "System.Xml.XPath.XDocument.dll": "sha256-RJ8i2CPHGrNpHo5+EWmAyGsx54z7fZs3aojs3CIl3Xc="
    },
    "satelliteResources": {
      "cs": {
        "cs/System.Private.ServiceModel.resources.dll": "sha256-VuACQZKpWZCeWLaaaJaO1AjvojRBNo8GAoBXR9jbRUE="
      },
      "de": {
        "de/System.Private.ServiceModel.resources.dll": "sha256-bnEJJkyYJFtSrhKFETYQQWHyNRXx9dxUKB8rcSFt7jY="
      },
      "es": {
        "es/System.Private.ServiceModel.resources.dll": "sha256-YpS1U1FpcOyO5oPHuyD7VB1n90KgwAxCbtwwNUZqM74="
      },
      "fr": {
        "fr/System.Private.ServiceModel.resources.dll": "sha256-+BbGj5VHqw6MeLoeZJ9fRtlhPObyVqMvDcbiZmMzmeg="
      },
      "it": {
        "it/System.Private.ServiceModel.resources.dll": "sha256-6rEIg37SDpa2lb0jBjYZesUuU1pKs0yAAc55OoLvPFI="
      },
      "ja": {
        "ja/System.Private.ServiceModel.resources.dll": "sha256-VAe+Vy2gGk/rjak/mZQNpclDYeoXaFHyvmNEc46Hwmg="
      },
      "ko": {
        "ko/System.Private.ServiceModel.resources.dll": "sha256-K39xGNGscPIf7Q5hh+fxXGv+W8E1547r8SYlswg4yRw="
      },
      "pl": {
        "pl/System.Private.ServiceModel.resources.dll": "sha256-Z1LJ9m1KJwub+zZmG3VBIiMDo1bfZJBEl9xH3/vFlkw="
      },
      "pt-BR": {
        "pt-BR/System.Private.ServiceModel.resources.dll": "sha256-PaDDxU3MTDUHGd8Z6DBzcNfpe41f8tozuOJ4EUbLn9c="
      },
      "ru": {
        "ru/System.Private.ServiceModel.resources.dll": "sha256-lmr/LDYL5NUT22CaJ4p80aSlWmZztCX79xs8rMrTgLc="
      },
      "tr": {
        "tr/System.Private.ServiceModel.resources.dll": "sha256-miWV6y0ebWpdF4105NWp/FtdKFLnyknSDFC/ecb7Loc="
      },
      "zh-Hans": {
        "zh-Hans/System.Private.ServiceModel.resources.dll": "sha256-4TJCi6c0nOjFeMKjyhhj8M9mgvf6ayqz943/WjplOLU="
      },
      "zh-Hant": {
        "zh-Hant/System.Private.ServiceModel.resources.dll": "sha256-uiRCxvo+E2AWRGek+xjLDAoNHdwJCqEiTy+tBKxG5Y0="
      }
    },
    "runtimeAssets": {
      "dotnet.wasm": {
        "hash": "sha256-Oyo/i3KkRvFfEKDQqn9DjK1HWx19Z6eCVCNsUFQPSJU=",
        "behavior": "dotnetwasm"
      }
    }
  },
  "cacheBootResources": true,
  "debugBuild": false,
  "debugLevel": 0,
  "linkerEnabled": true,
  "config": [],
  "icuDataMode": 0,
  "extensions": {
    "blazor": {}
  }
}